onset	duration	trial_type	value	sample	n_simultaneous_stimuli	snr	EEG_trigger_start	EEG_trigger_end	file_clicks	file_story1	file_story2	file_story3	file_story4	file_story5
12.1336	10	speech	1	121336	2	0 dB	1	2	n/a	n/a	n/a	speech/pinocchio/pinocchio_389_peaky_diotic_regress.hdf5	n/a	speech/wizardofoz/wizardofoz_182_peaky_diotic_regress.hdf5
22.2032	10	speech	1	222032	3	-3 dB	1	2	n/a	speech/alice/alice_174_peaky_diotic_regress.hdf5	speech/peterpan/peterpan_394_peaky_diotic_regress.hdf5	n/a	n/a	speech/wizardofoz/wizardofoz_231_peaky_diotic_regress.hdf5
32.2941	10	speech	1	322941	5	-6 dB	1	2	n/a	speech/alice/alice_244_peaky_diotic_regress.hdf5	speech/peterpan/peterpan_248_peaky_diotic_regress.hdf5	speech/pinocchio/pinocchio_071_peaky_diotic_regress.hdf5	speech/timemachine/timemachine_284_peaky_diotic_regress.hdf5	speech/wizardofoz/wizardofoz_081_peaky_diotic_regress.hdf5
42.3637	10	speech	1	423637	1	clean	1	2	n/a	n/a	n/a	n/a	speech/timemachine/timemachine_366_peaky_diotic_regress.hdf5	n/a
52.4546	10	speech	1	524546	3	-3 dB	1	2	n/a	speech/alice/alice_046_peaky_diotic_regress.hdf5	n/a	speech/pinocchio/pinocchio_164_peaky_diotic_regress.hdf5	n/a	speech/wizardofoz/wizardofoz_224_peaky_diotic_regress.hdf5
62.5242	10	speech	1	625242	1	clean	1	2	n/a	n/a	n/a	n/a	n/a	speech/wizardofoz/wizardofoz_248_peaky_diotic_regress.hdf5
72.6151	10	speech	1	726151	2	0 dB	1	2	n/a	speech/alice/alice_284_peaky_diotic_regress.hdf5	n/a	speech/pinocchio/pinocchio_234_peaky_diotic_regress.hdf5	n/a	n/a
82.706	10	speech	1	827060	5	-6 dB	1	2	n/a	speech/alice/alice_088_peaky_diotic_regress.hdf5	speech/peterpan/peterpan_346_peaky_diotic_regress.hdf5	speech/pinocchio/pinocchio_371_peaky_diotic_regress.hdf5	speech/timemachine/timemachine_364_peaky_diotic_regress.hdf5	speech/wizardofoz/wizardofoz_008_peaky_diotic_regress.hdf5
92.7969	10	speech	1	927969	2	0 dB	1	2	n/a	speech/alice/alice_054_peaky_diotic_regress.hdf5	n/a	speech/pinocchio/pinocchio_166_peaky_diotic_regress.hdf5	n/a	n/a
102.9732	10	speech	1	1029732	5	-6 dB	1	2	n/a	speech/alice/alice_222_peaky_diotic_regress.hdf5	speech/peterpan/peterpan_018_peaky_diotic_regress.hdf5	speech/pinocchio/pinocchio_041_peaky_diotic_regress.hdf5	speech/timemachine/timemachine_308_peaky_diotic_regress.hdf5	speech/wizardofoz/wizardofoz_100_peaky_diotic_regress.hdf5
113.1068	10	speech	1	1131068	3	-3 dB	1	2	n/a	n/a	speech/peterpan/peterpan_002_peaky_diotic_regress.hdf5	speech/pinocchio/pinocchio_040_peaky_diotic_regress.hdf5	n/a	speech/wizardofoz/wizardofoz_082_peaky_diotic_regress.hdf5
123.1764	10	speech	1	1231764	1	clean	1	2	n/a	n/a	n/a	speech/pinocchio/pinocchio_209_peaky_diotic_regress.hdf5	n/a	n/a
133.2673	10	speech	1	1332673	5	-6 dB	1	2	n/a	speech/alice/alice_315_peaky_diotic_regress.hdf5	speech/peterpan/peterpan_173_peaky_diotic_regress.hdf5	speech/pinocchio/pinocchio_313_peaky_diotic_regress.hdf5	speech/timemachine/timemachine_201_peaky_diotic_regress.hdf5	speech/wizardofoz/wizardofoz_317_peaky_diotic_regress.hdf5
143.3369	10	speech	1	1433369	2	0 dB	1	2	n/a	n/a	n/a	speech/pinocchio/pinocchio_268_peaky_diotic_regress.hdf5	speech/timemachine/timemachine_359_peaky_diotic_regress.hdf5	n/a
153.4278	10	speech	1	1534278	3	-3 dB	1	2	n/a	speech/alice/alice_188_peaky_diotic_regress.hdf5	speech/peterpan/peterpan_097_peaky_diotic_regress.hdf5	speech/pinocchio/pinocchio_274_peaky_diotic_regress.hdf5	n/a	n/a
163.4974	10	speech	1	1634974	1	clean	1	2	n/a	n/a	n/a	speech/pinocchio/pinocchio_330_peaky_diotic_regress.hdf5	n/a	n/a
173.5883	10	speech	1	1735883	5	-6 dB	1	2	n/a	speech/alice/alice_348_peaky_diotic_regress.hdf5	speech/peterpan/peterpan_332_peaky_diotic_regress.hdf5	speech/pinocchio/pinocchio_074_peaky_diotic_regress.hdf5	speech/timemachine/timemachine_076_peaky_diotic_regress.hdf5	speech/wizardofoz/wizardofoz_379_peaky_diotic_regress.hdf5
183.6792	10	speech	1	1836792	2	0 dB	1	2	n/a	speech/alice/alice_368_peaky_diotic_regress.hdf5	n/a	n/a	n/a	speech/wizardofoz/wizardofoz_306_peaky_diotic_regress.hdf5
193.7488	10	speech	1	1937488	1	clean	1	2	n/a	n/a	n/a	speech/pinocchio/pinocchio_370_peaky_diotic_regress.hdf5	n/a	n/a
203.8397	10	speech	1	2038397	3	-3 dB	1	2	n/a	speech/alice/alice_108_peaky_diotic_regress.hdf5	speech/peterpan/peterpan_066_peaky_diotic_regress.hdf5	n/a	speech/timemachine/timemachine_057_peaky_diotic_regress.hdf5	n/a
213.9093	10	speech	1	2139093	1	clean	1	2	n/a	n/a	n/a	n/a	n/a	speech/wizardofoz/wizardofoz_323_peaky_diotic_regress.hdf5
223.9789	10	speech	1	2239789	5	-6 dB	1	2	n/a	speech/alice/alice_253_peaky_diotic_regress.hdf5	speech/peterpan/peterpan_040_peaky_diotic_regress.hdf5	speech/pinocchio/pinocchio_113_peaky_diotic_regress.hdf5	speech/timemachine/timemachine_257_peaky_diotic_regress.hdf5	speech/wizardofoz/wizardofoz_128_peaky_diotic_regress.hdf5
234.0698	10	speech	1	2340698	3	-3 dB	1	2	n/a	speech/alice/alice_056_peaky_diotic_regress.hdf5	n/a	speech/pinocchio/pinocchio_066_peaky_diotic_regress.hdf5	speech/timemachine/timemachine_215_peaky_diotic_regress.hdf5	n/a
244.1394	10	speech	1	2441394	2	0 dB	1	2	n/a	n/a	speech/peterpan/peterpan_106_peaky_diotic_regress.hdf5	n/a	n/a	speech/wizardofoz/wizardofoz_259_peaky_diotic_regress.hdf5
254.209	10	speech	1	2542090	1	clean	1	2	n/a	n/a	n/a	n/a	n/a	speech/wizardofoz/wizardofoz_315_peaky_diotic_regress.hdf5
264.2999	10	speech	1	2642999	2	0 dB	1	2	n/a	speech/alice/alice_240_peaky_diotic_regress.hdf5	n/a	n/a	n/a	speech/wizardofoz/wizardofoz_245_peaky_diotic_regress.hdf5
274.3695	10	speech	1	2743695	3	-3 dB	1	2	n/a	speech/alice/alice_357_peaky_diotic_regress.hdf5	speech/peterpan/peterpan_203_peaky_diotic_regress.hdf5	n/a	speech/timemachine/timemachine_101_peaky_diotic_regress.hdf5	n/a
284.4391	10	speech	1	2844391	5	-6 dB	1	2	n/a	speech/alice/alice_064_peaky_diotic_regress.hdf5	speech/peterpan/peterpan_191_peaky_diotic_regress.hdf5	speech/pinocchio/pinocchio_223_peaky_diotic_regress.hdf5	speech/timemachine/timemachine_077_peaky_diotic_regress.hdf5	speech/wizardofoz/wizardofoz_130_peaky_diotic_regress.hdf5
294.5087	10	speech	1	2945087	1	clean	1	2	n/a	speech/alice/alice_145_peaky_diotic_regress.hdf5	n/a	n/a	n/a	n/a
304.6636	10	speech	1	3046636	5	-6 dB	1	2	n/a	speech/alice/alice_106_peaky_diotic_regress.hdf5	speech/peterpan/peterpan_201_peaky_diotic_regress.hdf5	speech/pinocchio/pinocchio_334_peaky_diotic_regress.hdf5	speech/timemachine/timemachine_111_peaky_diotic_regress.hdf5	speech/wizardofoz/wizardofoz_347_peaky_diotic_regress.hdf5
314.7545	10	speech	1	3147545	3	-3 dB	1	2	n/a	n/a	speech/peterpan/peterpan_001_peaky_diotic_regress.hdf5	speech/pinocchio/pinocchio_350_peaky_diotic_regress.hdf5	speech/timemachine/timemachine_208_peaky_diotic_regress.hdf5	n/a
324.8241	10	speech	1	3248241	2	0 dB	1	2	n/a	n/a	speech/peterpan/peterpan_326_peaky_diotic_regress.hdf5	speech/pinocchio/pinocchio_136_peaky_diotic_regress.hdf5	n/a	n/a
334.915	10	speech	1	3349150	5	-6 dB	1	2	n/a	speech/alice/alice_361_peaky_diotic_regress.hdf5	speech/peterpan/peterpan_000_peaky_diotic_regress.hdf5	speech/pinocchio/pinocchio_019_peaky_diotic_regress.hdf5	speech/timemachine/timemachine_049_peaky_diotic_regress.hdf5	speech/wizardofoz/wizardofoz_331_peaky_diotic_regress.hdf5
345.0059	10	speech	1	3450059	1	clean	1	2	n/a	speech/alice/alice_069_peaky_diotic_regress.hdf5	n/a	n/a	n/a	n/a
355.0755	10	speech	1	3550755	2	0 dB	1	2	n/a	speech/alice/alice_389_peaky_diotic_regress.hdf5	speech/peterpan/peterpan_305_peaky_diotic_regress.hdf5	n/a	n/a	n/a
365.1664	10	speech	1	3651664	3	-3 dB	1	2	n/a	n/a	speech/peterpan/peterpan_261_peaky_diotic_regress.hdf5	speech/pinocchio/pinocchio_251_peaky_diotic_regress.hdf5	n/a	speech/wizardofoz/wizardofoz_391_peaky_diotic_regress.hdf5
375.2574	10	speech	1	3752574	2	0 dB	1	2	n/a	n/a	speech/peterpan/peterpan_167_peaky_diotic_regress.hdf5	speech/pinocchio/pinocchio_366_peaky_diotic_regress.hdf5	n/a	n/a
385.4123	10	speech	1	3854123	5	-6 dB	1	2	n/a	speech/alice/alice_280_peaky_diotic_regress.hdf5	speech/peterpan/peterpan_082_peaky_diotic_regress.hdf5	speech/pinocchio/pinocchio_335_peaky_diotic_regress.hdf5	speech/timemachine/timemachine_130_peaky_diotic_regress.hdf5	speech/wizardofoz/wizardofoz_080_peaky_diotic_regress.hdf5
395.4819	10	speech	1	3954819	1	clean	1	2	n/a	n/a	n/a	speech/pinocchio/pinocchio_303_peaky_diotic_regress.hdf5	n/a	n/a
405.5515	10	speech	1	4055515	3	-3 dB	1	2	n/a	speech/alice/alice_011_peaky_diotic_regress.hdf5	n/a	speech/pinocchio/pinocchio_198_peaky_diotic_regress.hdf5	speech/timemachine/timemachine_313_peaky_diotic_regress.hdf5	n/a
415.6424	10	speech	1	4156424	5	-6 dB	1	2	n/a	speech/alice/alice_338_peaky_diotic_regress.hdf5	speech/peterpan/peterpan_139_peaky_diotic_regress.hdf5	speech/pinocchio/pinocchio_306_peaky_diotic_regress.hdf5	speech/timemachine/timemachine_098_peaky_diotic_regress.hdf5	speech/wizardofoz/wizardofoz_141_peaky_diotic_regress.hdf5
425.712	10	speech	1	4257120	1	clean	1	2	n/a	speech/alice/alice_394_peaky_diotic_regress.hdf5	n/a	n/a	n/a	n/a
435.7815	10	speech	1	4357815	2	0 dB	1	2	n/a	n/a	n/a	n/a	speech/timemachine/timemachine_379_peaky_diotic_regress.hdf5	speech/wizardofoz/wizardofoz_108_peaky_diotic_regress.hdf5
445.8725	10	speech	1	4458725	3	-3 dB	1	2	n/a	speech/alice/alice_278_peaky_diotic_regress.hdf5	speech/peterpan/peterpan_242_peaky_diotic_regress.hdf5	speech/pinocchio/pinocchio_348_peaky_diotic_regress.hdf5	n/a	n/a
455.9421	10	speech	1	4559421	3	-3 dB	1	2	n/a	speech/alice/alice_353_peaky_diotic_regress.hdf5	speech/peterpan/peterpan_212_peaky_diotic_regress.hdf5	n/a	speech/timemachine/timemachine_287_peaky_diotic_regress.hdf5	n/a
466.033	10	speech	1	4660330	1	clean	1	2	n/a	speech/alice/alice_096_peaky_diotic_regress.hdf5	n/a	n/a	n/a	n/a
476.1026	10	speech	1	4761026	2	0 dB	1	2	n/a	n/a	n/a	speech/pinocchio/pinocchio_157_peaky_diotic_regress.hdf5	speech/timemachine/timemachine_165_peaky_diotic_regress.hdf5	n/a
486.1935	10	speech	1	4861935	5	-6 dB	1	2	n/a	speech/alice/alice_123_peaky_diotic_regress.hdf5	speech/peterpan/peterpan_128_peaky_diotic_regress.hdf5	speech/pinocchio/pinocchio_128_peaky_diotic_regress.hdf5	speech/timemachine/timemachine_218_peaky_diotic_regress.hdf5	speech/wizardofoz/wizardofoz_016_peaky_diotic_regress.hdf5
496.2844	10	speech	1	4962844	5	-6 dB	1	2	n/a	speech/alice/alice_066_peaky_diotic_regress.hdf5	speech/peterpan/peterpan_381_peaky_diotic_regress.hdf5	speech/pinocchio/pinocchio_010_peaky_diotic_regress.hdf5	speech/timemachine/timemachine_055_peaky_diotic_regress.hdf5	speech/wizardofoz/wizardofoz_281_peaky_diotic_regress.hdf5
506.354	10	speech	1	5063540	2	0 dB	1	2	n/a	speech/alice/alice_118_peaky_diotic_regress.hdf5	n/a	n/a	speech/timemachine/timemachine_014_peaky_diotic_regress.hdf5	n/a
516.4449	10	speech	1	5164449	3	-3 dB	1	2	n/a	speech/alice/alice_044_peaky_diotic_regress.hdf5	speech/peterpan/peterpan_334_peaky_diotic_regress.hdf5	speech/pinocchio/pinocchio_162_peaky_diotic_regress.hdf5	n/a	n/a
526.5145	10	speech	1	5265145	1	clean	1	2	n/a	n/a	n/a	n/a	speech/timemachine/timemachine_251_peaky_diotic_regress.hdf5	n/a
536.6054	10	speech	1	5366054	5	-6 dB	1	2	n/a	speech/alice/alice_212_peaky_diotic_regress.hdf5	speech/peterpan/peterpan_132_peaky_diotic_regress.hdf5	speech/pinocchio/pinocchio_329_peaky_diotic_regress.hdf5	speech/timemachine/timemachine_209_peaky_diotic_regress.hdf5	speech/wizardofoz/wizardofoz_125_peaky_diotic_regress.hdf5
546.675	10	speech	1	5466750	1	clean	1	2	n/a	n/a	n/a	speech/pinocchio/pinocchio_271_peaky_diotic_regress.hdf5	n/a	n/a
556.7446	10	speech	1	5567446	3	-3 dB	1	2	n/a	n/a	speech/peterpan/peterpan_241_peaky_diotic_regress.hdf5	speech/pinocchio/pinocchio_061_peaky_diotic_regress.hdf5	speech/timemachine/timemachine_262_peaky_diotic_regress.hdf5	n/a
566.8355	10	speech	1	5668355	2	0 dB	1	2	n/a	speech/alice/alice_053_peaky_diotic_regress.hdf5	n/a	speech/pinocchio/pinocchio_185_peaky_diotic_regress.hdf5	n/a	n/a
576.9264	10	speech	1	5769264	5	-6 dB	1	2	n/a	speech/alice/alice_387_peaky_diotic_regress.hdf5	speech/peterpan/peterpan_088_peaky_diotic_regress.hdf5	speech/pinocchio/pinocchio_154_peaky_diotic_regress.hdf5	speech/timemachine/timemachine_205_peaky_diotic_regress.hdf5	speech/wizardofoz/wizardofoz_346_peaky_diotic_regress.hdf5
586.996	10	speech	1	5869960	1	clean	1	2	n/a	n/a	n/a	n/a	n/a	speech/wizardofoz/wizardofoz_091_peaky_diotic_regress.hdf5
597.0656	10	speech	1	5970656	3	-3 dB	1	2	n/a	speech/alice/alice_025_peaky_diotic_regress.hdf5	speech/peterpan/peterpan_126_peaky_diotic_regress.hdf5	speech/pinocchio/pinocchio_221_peaky_diotic_regress.hdf5	n/a	n/a
607.1352	10	speech	1	6071352	2	0 dB	1	2	n/a	n/a	n/a	n/a	speech/timemachine/timemachine_393_peaky_diotic_regress.hdf5	speech/wizardofoz/wizardofoz_215_peaky_diotic_regress.hdf5
617.2261	10	speech	1	6172261	3	-3 dB	1	2	n/a	n/a	speech/peterpan/peterpan_104_peaky_diotic_regress.hdf5	speech/pinocchio/pinocchio_031_peaky_diotic_regress.hdf5	speech/timemachine/timemachine_042_peaky_diotic_regress.hdf5	n/a
627.2957	10	speech	1	6272957	5	-6 dB	1	2	n/a	speech/alice/alice_202_peaky_diotic_regress.hdf5	speech/peterpan/peterpan_011_peaky_diotic_regress.hdf5	speech/pinocchio/pinocchio_120_peaky_diotic_regress.hdf5	speech/timemachine/timemachine_380_peaky_diotic_regress.hdf5	speech/wizardofoz/wizardofoz_293_peaky_diotic_regress.hdf5
637.3653	10	speech	1	6373653	1	clean	1	2	n/a	n/a	n/a	speech/pinocchio/pinocchio_032_peaky_diotic_regress.hdf5	n/a	n/a
647.4562	10	speech	1	6474562	2	0 dB	1	2	n/a	n/a	speech/peterpan/peterpan_184_peaky_diotic_regress.hdf5	n/a	speech/timemachine/timemachine_164_peaky_diotic_regress.hdf5	n/a
657.5258	10	speech	1	6575258	2	0 dB	1	2	n/a	speech/alice/alice_274_peaky_diotic_regress.hdf5	n/a	n/a	speech/timemachine/timemachine_235_peaky_diotic_regress.hdf5	n/a
667.5954	10	speech	1	6675954	1	clean	1	2	n/a	n/a	n/a	speech/pinocchio/pinocchio_057_peaky_diotic_regress.hdf5	n/a	n/a
677.6863	10	speech	1	6776863	5	-6 dB	1	2	n/a	speech/alice/alice_146_peaky_diotic_regress.hdf5	speech/peterpan/peterpan_276_peaky_diotic_regress.hdf5	speech/pinocchio/pinocchio_373_peaky_diotic_regress.hdf5	speech/timemachine/timemachine_010_peaky_diotic_regress.hdf5	speech/wizardofoz/wizardofoz_279_peaky_diotic_regress.hdf5
687.7559	10	speech	1	6877559	3	-3 dB	1	2	n/a	speech/alice/alice_301_peaky_diotic_regress.hdf5	speech/peterpan/peterpan_071_peaky_diotic_regress.hdf5	n/a	speech/timemachine/timemachine_064_peaky_diotic_regress.hdf5	n/a
697.8468	10	speech	1	6978468	2	0 dB	1	2	n/a	n/a	speech/peterpan/peterpan_209_peaky_diotic_regress.hdf5	n/a	n/a	speech/wizardofoz/wizardofoz_311_peaky_diotic_regress.hdf5
707.9804	10	speech	1	7079804	3	-3 dB	1	2	n/a	n/a	speech/peterpan/peterpan_048_peaky_diotic_regress.hdf5	speech/pinocchio/pinocchio_051_peaky_diotic_regress.hdf5	speech/timemachine/timemachine_100_peaky_diotic_regress.hdf5	n/a
718.0713	10	speech	1	7180713	5	-6 dB	1	2	n/a	speech/alice/alice_057_peaky_diotic_regress.hdf5	speech/peterpan/peterpan_112_peaky_diotic_regress.hdf5	speech/pinocchio/pinocchio_379_peaky_diotic_regress.hdf5	speech/timemachine/timemachine_335_peaky_diotic_regress.hdf5	speech/wizardofoz/wizardofoz_054_peaky_diotic_regress.hdf5
728.1622	10	speech	1	7281622	1	clean	1	2	n/a	n/a	speech/peterpan/peterpan_058_peaky_diotic_regress.hdf5	n/a	n/a	n/a
738.2318	10	speech	1	7382318	2	0 dB	1	2	n/a	speech/alice/alice_363_peaky_diotic_regress.hdf5	n/a	n/a	n/a	speech/wizardofoz/wizardofoz_136_peaky_diotic_regress.hdf5
748.3227	10	speech	1	7483227	5	-6 dB	1	2	n/a	speech/alice/alice_170_peaky_diotic_regress.hdf5	speech/peterpan/peterpan_198_peaky_diotic_regress.hdf5	speech/pinocchio/pinocchio_386_peaky_diotic_regress.hdf5	speech/timemachine/timemachine_292_peaky_diotic_regress.hdf5	speech/wizardofoz/wizardofoz_307_peaky_diotic_regress.hdf5
758.4136	10	speech	1	7584136	3	-3 dB	1	2	n/a	speech/alice/alice_060_peaky_diotic_regress.hdf5	n/a	speech/pinocchio/pinocchio_177_peaky_diotic_regress.hdf5	n/a	speech/wizardofoz/wizardofoz_218_peaky_diotic_regress.hdf5
768.4832	10	speech	1	7684832	1	clean	1	2	n/a	n/a	n/a	n/a	n/a	speech/wizardofoz/wizardofoz_137_peaky_diotic_regress.hdf5
778.5741	10	speech	1	7785741	5	-6 dB	1	2	n/a	speech/alice/alice_201_peaky_diotic_regress.hdf5	speech/peterpan/peterpan_143_peaky_diotic_regress.hdf5	speech/pinocchio/pinocchio_023_peaky_diotic_regress.hdf5	speech/timemachine/timemachine_191_peaky_diotic_regress.hdf5	speech/wizardofoz/wizardofoz_392_peaky_diotic_regress.hdf5
788.6437	10	speech	1	7886437	2	0 dB	1	2	n/a	n/a	speech/peterpan/peterpan_227_peaky_diotic_regress.hdf5	speech/pinocchio/pinocchio_135_peaky_diotic_regress.hdf5	n/a	n/a
798.7347	10	speech	1	7987347	1	clean	1	2	n/a	n/a	n/a	speech/pinocchio/pinocchio_291_peaky_diotic_regress.hdf5	n/a	n/a
808.8042	10	speech	1	8088042	3	-3 dB	1	2	n/a	speech/alice/alice_136_peaky_diotic_regress.hdf5	speech/peterpan/peterpan_288_peaky_diotic_regress.hdf5	n/a	speech/timemachine/timemachine_023_peaky_diotic_regress.hdf5	n/a
818.8952	10	speech	1	8188952	3	-3 dB	1	2	n/a	n/a	n/a	speech/pinocchio/pinocchio_205_peaky_diotic_regress.hdf5	speech/timemachine/timemachine_145_peaky_diotic_regress.hdf5	speech/wizardofoz/wizardofoz_104_peaky_diotic_regress.hdf5
828.9861	10	speech	1	8289861	5	-6 dB	1	2	n/a	speech/alice/alice_027_peaky_diotic_regress.hdf5	speech/peterpan/peterpan_316_peaky_diotic_regress.hdf5	speech/pinocchio/pinocchio_230_peaky_diotic_regress.hdf5	speech/timemachine/timemachine_394_peaky_diotic_regress.hdf5	speech/wizardofoz/wizardofoz_031_peaky_diotic_regress.hdf5
839.0557	10	speech	1	8390557	2	0 dB	1	2	n/a	speech/alice/alice_330_peaky_diotic_regress.hdf5	n/a	speech/pinocchio/pinocchio_183_peaky_diotic_regress.hdf5	n/a	n/a
849.1252	10	speech	1	8491252	1	clean	1	2	n/a	n/a	n/a	n/a	n/a	speech/wizardofoz/wizardofoz_114_peaky_diotic_regress.hdf5
859.2162	10	speech	1	8592162	3	-3 dB	1	2	n/a	n/a	n/a	speech/pinocchio/pinocchio_001_peaky_diotic_regress.hdf5	speech/timemachine/timemachine_181_peaky_diotic_regress.hdf5	speech/wizardofoz/wizardofoz_325_peaky_diotic_regress.hdf5
869.2858	10	speech	1	8692858	5	-6 dB	1	2	n/a	speech/alice/alice_012_peaky_diotic_regress.hdf5	speech/peterpan/peterpan_165_peaky_diotic_regress.hdf5	speech/pinocchio/pinocchio_381_peaky_diotic_regress.hdf5	speech/timemachine/timemachine_204_peaky_diotic_regress.hdf5	speech/wizardofoz/wizardofoz_068_peaky_diotic_regress.hdf5
879.3767	10	speech	1	8793767	2	0 dB	1	2	n/a	n/a	n/a	n/a	speech/timemachine/timemachine_065_peaky_diotic_regress.hdf5	speech/wizardofoz/wizardofoz_374_peaky_diotic_regress.hdf5
889.4463	10	speech	1	8894463	1	clean	1	2	n/a	n/a	n/a	n/a	n/a	speech/wizardofoz/wizardofoz_065_peaky_diotic_regress.hdf5
899.5372	10	speech	1	8995372	5	-6 dB	1	2	n/a	speech/alice/alice_022_peaky_diotic_regress.hdf5	speech/peterpan/peterpan_161_peaky_diotic_regress.hdf5	speech/pinocchio/pinocchio_169_peaky_diotic_regress.hdf5	speech/timemachine/timemachine_326_peaky_diotic_regress.hdf5	speech/wizardofoz/wizardofoz_029_peaky_diotic_regress.hdf5
909.6068	10	speech	1	9096068	1	clean	1	2	n/a	n/a	n/a	n/a	n/a	speech/wizardofoz/wizardofoz_194_peaky_diotic_regress.hdf5
919.6763	10	speech	1	9196763	2	0 dB	1	2	n/a	n/a	n/a	speech/pinocchio/pinocchio_363_peaky_diotic_regress.hdf5	speech/timemachine/timemachine_316_peaky_diotic_regress.hdf5	n/a
929.7673	10	speech	1	9297673	3	-3 dB	1	2	n/a	speech/alice/alice_208_peaky_diotic_regress.hdf5	n/a	speech/pinocchio/pinocchio_331_peaky_diotic_regress.hdf5	n/a	speech/wizardofoz/wizardofoz_170_peaky_diotic_regress.hdf5
939.8369	10	speech	1	9398369	1	clean	1	2	n/a	n/a	n/a	speech/pinocchio/pinocchio_123_peaky_diotic_regress.hdf5	n/a	n/a
949.9278	10	speech	1	9499278	5	-6 dB	1	2	n/a	speech/alice/alice_156_peaky_diotic_regress.hdf5	speech/peterpan/peterpan_116_peaky_diotic_regress.hdf5	speech/pinocchio/pinocchio_344_peaky_diotic_regress.hdf5	speech/timemachine/timemachine_309_peaky_diotic_regress.hdf5	speech/wizardofoz/wizardofoz_037_peaky_diotic_regress.hdf5
960.0187	10	speech	1	9600187	3	-3 dB	1	2	n/a	n/a	speech/peterpan/peterpan_020_peaky_diotic_regress.hdf5	n/a	speech/timemachine/timemachine_072_peaky_diotic_regress.hdf5	speech/wizardofoz/wizardofoz_151_peaky_diotic_regress.hdf5
970.0883	10	speech	1	9700883	2	0 dB	1	2	n/a	n/a	speech/peterpan/peterpan_114_peaky_diotic_regress.hdf5	n/a	n/a	speech/wizardofoz/wizardofoz_075_peaky_diotic_regress.hdf5
980.1792	10	speech	1	9801792	5	-6 dB	1	2	n/a	speech/alice/alice_211_peaky_diotic_regress.hdf5	speech/peterpan/peterpan_329_peaky_diotic_regress.hdf5	speech/pinocchio/pinocchio_182_peaky_diotic_regress.hdf5	speech/timemachine/timemachine_259_peaky_diotic_regress.hdf5	speech/wizardofoz/wizardofoz_090_peaky_diotic_regress.hdf5
990.2701	10	speech	1	9902701	1	clean	1	2	n/a	speech/alice/alice_120_peaky_diotic_regress.hdf5	n/a	n/a	n/a	n/a
1000.425	10	speech	1	10004250	3	-3 dB	1	2	n/a	n/a	speech/peterpan/peterpan_325_peaky_diotic_regress.hdf5	speech/pinocchio/pinocchio_044_peaky_diotic_regress.hdf5	speech/timemachine/timemachine_006_peaky_diotic_regress.hdf5	n/a
1010.4946	10	speech	1	10104946	2	0 dB	1	2	n/a	n/a	speech/peterpan/peterpan_319_peaky_diotic_regress.hdf5	n/a	speech/timemachine/timemachine_358_peaky_diotic_regress.hdf5	n/a
1020.5642	10	speech	1	10205642	5	-6 dB	1	2	n/a	speech/alice/alice_131_peaky_diotic_regress.hdf5	speech/peterpan/peterpan_323_peaky_diotic_regress.hdf5	speech/pinocchio/pinocchio_129_peaky_diotic_regress.hdf5	speech/timemachine/timemachine_162_peaky_diotic_regress.hdf5	speech/wizardofoz/wizardofoz_166_peaky_diotic_regress.hdf5
1030.6551	10	speech	1	10306551	2	0 dB	1	2	n/a	n/a	speech/peterpan/peterpan_109_peaky_diotic_regress.hdf5	n/a	speech/timemachine/timemachine_071_peaky_diotic_regress.hdf5	n/a
1040.7247	10	speech	1	10407247	3	-3 dB	1	2	n/a	n/a	n/a	speech/pinocchio/pinocchio_279_peaky_diotic_regress.hdf5	speech/timemachine/timemachine_238_peaky_diotic_regress.hdf5	speech/wizardofoz/wizardofoz_044_peaky_diotic_regress.hdf5
1050.7943	10	speech	1	10507943	1	clean	1	2	n/a	n/a	speech/peterpan/peterpan_095_peaky_diotic_regress.hdf5	n/a	n/a	n/a
1060.8639	10	speech	1	10608639	1	clean	1	2	n/a	n/a	n/a	speech/pinocchio/pinocchio_160_peaky_diotic_regress.hdf5	n/a	n/a
1070.9335	10	speech	1	10709335	2	0 dB	1	2	n/a	n/a	n/a	speech/pinocchio/pinocchio_369_peaky_diotic_regress.hdf5	speech/timemachine/timemachine_141_peaky_diotic_regress.hdf5	n/a
1081.0244	10	speech	1	10810244	3	-3 dB	1	2	n/a	speech/alice/alice_220_peaky_diotic_regress.hdf5	n/a	speech/pinocchio/pinocchio_202_peaky_diotic_regress.hdf5	n/a	speech/wizardofoz/wizardofoz_356_peaky_diotic_regress.hdf5
1091.1153	10	speech	1	10911153	5	-6 dB	1	2	n/a	speech/alice/alice_077_peaky_diotic_regress.hdf5	speech/peterpan/peterpan_245_peaky_diotic_regress.hdf5	speech/pinocchio/pinocchio_382_peaky_diotic_regress.hdf5	speech/timemachine/timemachine_029_peaky_diotic_regress.hdf5	speech/wizardofoz/wizardofoz_252_peaky_diotic_regress.hdf5
1101.1849	10	speech	1	11011849	3	-3 dB	1	2	n/a	n/a	speech/peterpan/peterpan_375_peaky_diotic_regress.hdf5	speech/pinocchio/pinocchio_267_peaky_diotic_regress.hdf5	n/a	speech/wizardofoz/wizardofoz_336_peaky_diotic_regress.hdf5
1111.2545	10	speech	1	11112545	1	clean	1	2	n/a	speech/alice/alice_304_peaky_diotic_regress.hdf5	n/a	n/a	n/a	n/a
1121.3454	10	speech	1	11213454	5	-6 dB	1	2	n/a	speech/alice/alice_129_peaky_diotic_regress.hdf5	speech/peterpan/peterpan_258_peaky_diotic_regress.hdf5	speech/pinocchio/pinocchio_056_peaky_diotic_regress.hdf5	speech/timemachine/timemachine_185_peaky_diotic_regress.hdf5	speech/wizardofoz/wizardofoz_102_peaky_diotic_regress.hdf5
1131.415	10	speech	1	11314150	2	0 dB	1	2	n/a	n/a	n/a	n/a	speech/timemachine/timemachine_376_peaky_diotic_regress.hdf5	speech/wizardofoz/wizardofoz_180_peaky_diotic_regress.hdf5
1141.4846	10	speech	1	11414846	1	clean	1	2	n/a	speech/alice/alice_308_peaky_diotic_regress.hdf5	n/a	n/a	n/a	n/a
1151.5968	10	speech	1	11515968	5	-6 dB	1	2	n/a	speech/alice/alice_117_peaky_diotic_regress.hdf5	speech/peterpan/peterpan_362_peaky_diotic_regress.hdf5	speech/pinocchio/pinocchio_319_peaky_diotic_regress.hdf5	speech/timemachine/timemachine_085_peaky_diotic_regress.hdf5	speech/wizardofoz/wizardofoz_015_peaky_diotic_regress.hdf5
1161.6664	10	speech	1	11616664	2	0 dB	1	2	n/a	n/a	n/a	speech/pinocchio/pinocchio_094_peaky_diotic_regress.hdf5	n/a	speech/wizardofoz/wizardofoz_285_peaky_diotic_regress.hdf5
1171.7573	10	speech	1	11717573	3	-3 dB	1	2	n/a	n/a	n/a	speech/pinocchio/pinocchio_029_peaky_diotic_regress.hdf5	speech/timemachine/timemachine_087_peaky_diotic_regress.hdf5	speech/wizardofoz/wizardofoz_133_peaky_diotic_regress.hdf5
1181.8269	10	speech	1	11818269	3	-3 dB	1	2	n/a	speech/alice/alice_179_peaky_diotic_regress.hdf5	speech/peterpan/peterpan_103_peaky_diotic_regress.hdf5	speech/pinocchio/pinocchio_207_peaky_diotic_regress.hdf5	n/a	n/a
1191.9178	10	speech	1	11919178	5	-6 dB	1	2	n/a	speech/alice/alice_283_peaky_diotic_regress.hdf5	speech/peterpan/peterpan_050_peaky_diotic_regress.hdf5	speech/pinocchio/pinocchio_059_peaky_diotic_regress.hdf5	speech/timemachine/timemachine_248_peaky_diotic_regress.hdf5	speech/wizardofoz/wizardofoz_345_peaky_diotic_regress.hdf5
1201.9874	10	speech	1	12019874	2	0 dB	1	2	n/a	n/a	speech/peterpan/peterpan_137_peaky_diotic_regress.hdf5	n/a	speech/timemachine/timemachine_009_peaky_diotic_regress.hdf5	n/a
1212.057	10	speech	1	12120570	1	clean	1	2	n/a	speech/alice/alice_258_peaky_diotic_regress.hdf5	n/a	n/a	n/a	n/a
1222.1479	10	speech	1	12221479	3	-3 dB	1	2	n/a	speech/alice/alice_305_peaky_diotic_regress.hdf5	speech/peterpan/peterpan_197_peaky_diotic_regress.hdf5	n/a	n/a	speech/wizardofoz/wizardofoz_005_peaky_diotic_regress.hdf5
1232.2175	10	speech	1	12322175	1	clean	1	2	n/a	n/a	speech/peterpan/peterpan_178_peaky_diotic_regress.hdf5	n/a	n/a	n/a
1242.3084	10	speech	1	12423084	5	-6 dB	1	2	n/a	speech/alice/alice_101_peaky_diotic_regress.hdf5	speech/peterpan/peterpan_308_peaky_diotic_regress.hdf5	speech/pinocchio/pinocchio_298_peaky_diotic_regress.hdf5	speech/timemachine/timemachine_383_peaky_diotic_regress.hdf5	speech/wizardofoz/wizardofoz_144_peaky_diotic_regress.hdf5
1252.378	10	speech	1	12523780	2	0 dB	1	2	n/a	speech/alice/alice_204_peaky_diotic_regress.hdf5	n/a	speech/pinocchio/pinocchio_361_peaky_diotic_regress.hdf5	n/a	n/a
1262.4476	10	speech	1	12624476	1	clean	1	2	n/a	n/a	speech/peterpan/peterpan_027_peaky_diotic_regress.hdf5	n/a	n/a	n/a
1272.5385	10	speech	1	12725385	3	-3 dB	1	2	n/a	n/a	speech/peterpan/peterpan_089_peaky_diotic_regress.hdf5	speech/pinocchio/pinocchio_171_peaky_diotic_regress.hdf5	n/a	speech/wizardofoz/wizardofoz_277_peaky_diotic_regress.hdf5
1282.6295	10	speech	1	12826295	5	-6 dB	1	2	n/a	speech/alice/alice_102_peaky_diotic_regress.hdf5	speech/peterpan/peterpan_202_peaky_diotic_regress.hdf5	speech/pinocchio/pinocchio_150_peaky_diotic_regress.hdf5	speech/timemachine/timemachine_198_peaky_diotic_regress.hdf5	speech/wizardofoz/wizardofoz_096_peaky_diotic_regress.hdf5
1292.699	10	speech	1	12926990	2	0 dB	1	2	n/a	n/a	n/a	speech/pinocchio/pinocchio_364_peaky_diotic_regress.hdf5	n/a	speech/wizardofoz/wizardofoz_120_peaky_diotic_regress.hdf5
1302.8326	10	speech	1	13028326	5	-6 dB	1	2	n/a	speech/alice/alice_081_peaky_diotic_regress.hdf5	speech/peterpan/peterpan_009_peaky_diotic_regress.hdf5	speech/pinocchio/pinocchio_046_peaky_diotic_regress.hdf5	speech/timemachine/timemachine_082_peaky_diotic_regress.hdf5	speech/wizardofoz/wizardofoz_326_peaky_diotic_regress.hdf5
1312.9022	10	speech	1	13129022	1	clean	1	2	n/a	speech/alice/alice_232_peaky_diotic_regress.hdf5	n/a	n/a	n/a	n/a
1322.9931	10	speech	1	13229931	2	0 dB	1	2	n/a	n/a	speech/peterpan/peterpan_163_peaky_diotic_regress.hdf5	speech/pinocchio/pinocchio_358_peaky_diotic_regress.hdf5	n/a	n/a
1333.084	10	speech	1	13330840	3	-3 dB	1	2	n/a	n/a	speech/peterpan/peterpan_365_peaky_diotic_regress.hdf5	n/a	speech/timemachine/timemachine_226_peaky_diotic_regress.hdf5	speech/wizardofoz/wizardofoz_262_peaky_diotic_regress.hdf5
1343.1536	10	speech	1	13431536	3	-3 dB	1	2	n/a	n/a	speech/peterpan/peterpan_348_peaky_diotic_regress.hdf5	speech/pinocchio/pinocchio_194_peaky_diotic_regress.hdf5	speech/timemachine/timemachine_080_peaky_diotic_regress.hdf5	n/a
1353.2446	10	speech	1	13532446	5	-6 dB	1	2	n/a	speech/alice/alice_018_peaky_diotic_regress.hdf5	speech/peterpan/peterpan_367_peaky_diotic_regress.hdf5	speech/pinocchio/pinocchio_276_peaky_diotic_regress.hdf5	speech/timemachine/timemachine_232_peaky_diotic_regress.hdf5	speech/wizardofoz/wizardofoz_350_peaky_diotic_regress.hdf5
1363.3355	10	speech	1	13633355	2	0 dB	1	2	n/a	speech/alice/alice_366_peaky_diotic_regress.hdf5	n/a	n/a	speech/timemachine/timemachine_386_peaky_diotic_regress.hdf5	n/a
1373.4051	10	speech	1	13734051	1	clean	1	2	n/a	n/a	speech/peterpan/peterpan_076_peaky_diotic_regress.hdf5	n/a	n/a	n/a
1383.496	10	speech	1	13834960	1	clean	1	2	n/a	n/a	n/a	n/a	speech/timemachine/timemachine_382_peaky_diotic_regress.hdf5	n/a
1393.5656	10	speech	1	13935656	3	-3 dB	1	2	n/a	speech/alice/alice_265_peaky_diotic_regress.hdf5	n/a	n/a	speech/timemachine/timemachine_063_peaky_diotic_regress.hdf5	speech/wizardofoz/wizardofoz_221_peaky_diotic_regress.hdf5
1403.6565	10	speech	1	14036565	5	-6 dB	1	2	n/a	speech/alice/alice_023_peaky_diotic_regress.hdf5	speech/peterpan/peterpan_322_peaky_diotic_regress.hdf5	speech/pinocchio/pinocchio_246_peaky_diotic_regress.hdf5	speech/timemachine/timemachine_095_peaky_diotic_regress.hdf5	speech/wizardofoz/wizardofoz_229_peaky_diotic_regress.hdf5
1413.7261	10	speech	1	14137261	2	0 dB	1	2	n/a	n/a	speech/peterpan/peterpan_344_peaky_diotic_regress.hdf5	n/a	speech/timemachine/timemachine_217_peaky_diotic_regress.hdf5	n/a
1423.817	10	speech	1	14238170	3	-3 dB	1	2	n/a	speech/alice/alice_297_peaky_diotic_regress.hdf5	speech/peterpan/peterpan_320_peaky_diotic_regress.hdf5	n/a	speech/timemachine/timemachine_295_peaky_diotic_regress.hdf5	n/a
1433.9719	10	speech	1	14339719	5	-6 dB	1	2	n/a	speech/alice/alice_092_peaky_diotic_regress.hdf5	speech/peterpan/peterpan_255_peaky_diotic_regress.hdf5	speech/pinocchio/pinocchio_261_peaky_diotic_regress.hdf5	speech/timemachine/timemachine_184_peaky_diotic_regress.hdf5	speech/wizardofoz/wizardofoz_344_peaky_diotic_regress.hdf5
1444.1268	10	speech	1	14441268	2	0 dB	1	2	n/a	speech/alice/alice_226_peaky_diotic_regress.hdf5	n/a	n/a	speech/timemachine/timemachine_110_peaky_diotic_regress.hdf5	n/a
1454.1964	10	speech	1	14541964	1	clean	1	2	n/a	n/a	n/a	speech/pinocchio/pinocchio_014_peaky_diotic_regress.hdf5	n/a	n/a
1464.2873	10	speech	1	14642873	5	-6 dB	1	2	n/a	speech/alice/alice_015_peaky_diotic_regress.hdf5	speech/peterpan/peterpan_079_peaky_diotic_regress.hdf5	speech/pinocchio/pinocchio_256_peaky_diotic_regress.hdf5	speech/timemachine/timemachine_244_peaky_diotic_regress.hdf5	speech/wizardofoz/wizardofoz_340_peaky_diotic_regress.hdf5
1474.3569	10	speech	1	14743569	1	clean	1	2	n/a	n/a	n/a	n/a	speech/timemachine/timemachine_008_peaky_diotic_regress.hdf5	n/a
1484.4265	10	speech	1	14844265	2	0 dB	1	2	n/a	speech/alice/alice_254_peaky_diotic_regress.hdf5	n/a	n/a	n/a	speech/wizardofoz/wizardofoz_244_peaky_diotic_regress.hdf5
1494.5174	10	speech	1	14945174	3	-3 dB	1	2	n/a	speech/alice/alice_070_peaky_diotic_regress.hdf5	speech/peterpan/peterpan_211_peaky_diotic_regress.hdf5	n/a	speech/timemachine/timemachine_193_peaky_diotic_regress.hdf5	n/a
1504.587	10	speech	1	15045870	1	clean	1	2	n/a	n/a	n/a	n/a	speech/timemachine/timemachine_312_peaky_diotic_regress.hdf5	n/a
1514.7633	10	speech	1	15147633	5	-6 dB	1	2	n/a	speech/alice/alice_152_peaky_diotic_regress.hdf5	speech/peterpan/peterpan_187_peaky_diotic_regress.hdf5	speech/pinocchio/pinocchio_039_peaky_diotic_regress.hdf5	speech/timemachine/timemachine_048_peaky_diotic_regress.hdf5	speech/wizardofoz/wizardofoz_200_peaky_diotic_regress.hdf5
1524.8329	10	speech	1	15248329	3	-3 dB	1	2	n/a	speech/alice/alice_058_peaky_diotic_regress.hdf5	n/a	speech/pinocchio/pinocchio_058_peaky_diotic_regress.hdf5	speech/timemachine/timemachine_347_peaky_diotic_regress.hdf5	n/a
1534.9238	10	speech	1	15349238	2	0 dB	1	2	n/a	n/a	speech/peterpan/peterpan_053_peaky_diotic_regress.hdf5	speech/pinocchio/pinocchio_080_peaky_diotic_regress.hdf5	n/a	n/a
1544.9934	10	speech	1	15449934	5	-6 dB	1	2	n/a	speech/alice/alice_225_peaky_diotic_regress.hdf5	speech/peterpan/peterpan_275_peaky_diotic_regress.hdf5	speech/pinocchio/pinocchio_393_peaky_diotic_regress.hdf5	speech/timemachine/timemachine_163_peaky_diotic_regress.hdf5	speech/wizardofoz/wizardofoz_181_peaky_diotic_regress.hdf5
1555.1483	10	speech	1	15551483	3	-3 dB	1	2	n/a	n/a	speech/peterpan/peterpan_299_peaky_diotic_regress.hdf5	speech/pinocchio/pinocchio_212_peaky_diotic_regress.hdf5	speech/timemachine/timemachine_113_peaky_diotic_regress.hdf5	n/a
1565.2179	10	speech	1	15652179	1	clean	1	2	n/a	n/a	n/a	n/a	speech/timemachine/timemachine_196_peaky_diotic_regress.hdf5	n/a
1575.3088	10	speech	1	15753088	2	0 dB	1	2	n/a	speech/alice/alice_277_peaky_diotic_regress.hdf5	n/a	n/a	n/a	speech/wizardofoz/wizardofoz_030_peaky_diotic_regress.hdf5
1585.3784	10	speech	1	15853784	2	0 dB	1	2	n/a	speech/alice/alice_148_peaky_diotic_regress.hdf5	n/a	speech/pinocchio/pinocchio_249_peaky_diotic_regress.hdf5	n/a	n/a
1595.448	10	speech	1	15954480	1	clean	1	2	n/a	n/a	speech/peterpan/peterpan_312_peaky_diotic_regress.hdf5	n/a	n/a	n/a
1605.5389	10	speech	1	16055389	5	-6 dB	1	2	n/a	speech/alice/alice_165_peaky_diotic_regress.hdf5	speech/peterpan/peterpan_078_peaky_diotic_regress.hdf5	speech/pinocchio/pinocchio_017_peaky_diotic_regress.hdf5	speech/timemachine/timemachine_155_peaky_diotic_regress.hdf5	speech/wizardofoz/wizardofoz_217_peaky_diotic_regress.hdf5
1615.6298	10	speech	1	16156298	3	-3 dB	1	2	n/a	speech/alice/alice_168_peaky_diotic_regress.hdf5	n/a	speech/pinocchio/pinocchio_288_peaky_diotic_regress.hdf5	speech/timemachine/timemachine_264_peaky_diotic_regress.hdf5	n/a
1625.7207	10	speech	1	16257207	1	clean	1	2	n/a	n/a	n/a	speech/pinocchio/pinocchio_133_peaky_diotic_regress.hdf5	n/a	n/a
1635.8116	10	speech	1	16358116	5	-6 dB	1	2	n/a	speech/alice/alice_247_peaky_diotic_regress.hdf5	speech/peterpan/peterpan_070_peaky_diotic_regress.hdf5	speech/pinocchio/pinocchio_296_peaky_diotic_regress.hdf5	speech/timemachine/timemachine_340_peaky_diotic_regress.hdf5	speech/wizardofoz/wizardofoz_314_peaky_diotic_regress.hdf5
1645.9879	10	speech	1	16459879	3	-3 dB	1	2	n/a	speech/alice/alice_205_peaky_diotic_regress.hdf5	n/a	speech/pinocchio/pinocchio_309_peaky_diotic_regress.hdf5	speech/timemachine/timemachine_129_peaky_diotic_regress.hdf5	n/a
1656.0788	10	speech	1	16560788	2	0 dB	1	2	n/a	n/a	n/a	speech/pinocchio/pinocchio_105_peaky_diotic_regress.hdf5	n/a	speech/wizardofoz/wizardofoz_122_peaky_diotic_regress.hdf5
1666.1484	10	speech	1	16661484	1	clean	1	2	n/a	n/a	n/a	n/a	speech/timemachine/timemachine_239_peaky_diotic_regress.hdf5	n/a
1676.2393	10	speech	1	16762393	3	-3 dB	1	2	n/a	n/a	speech/peterpan/peterpan_292_peaky_diotic_regress.hdf5	speech/pinocchio/pinocchio_365_peaky_diotic_regress.hdf5	n/a	speech/wizardofoz/wizardofoz_271_peaky_diotic_regress.hdf5
1686.3089	10	speech	1	16863089	2	0 dB	1	2	n/a	n/a	speech/peterpan/peterpan_282_peaky_diotic_regress.hdf5	speech/pinocchio/pinocchio_214_peaky_diotic_regress.hdf5	n/a	n/a
1696.3998	10	speech	1	16963998	5	-6 dB	1	2	n/a	speech/alice/alice_147_peaky_diotic_regress.hdf5	speech/peterpan/peterpan_141_peaky_diotic_regress.hdf5	speech/pinocchio/pinocchio_282_peaky_diotic_regress.hdf5	speech/timemachine/timemachine_250_peaky_diotic_regress.hdf5	speech/wizardofoz/wizardofoz_250_peaky_diotic_regress.hdf5
1706.4694	10	speech	1	17064694	1	clean	1	2	n/a	n/a	speech/peterpan/peterpan_278_peaky_diotic_regress.hdf5	n/a	n/a	n/a
1716.539	10	speech	1	17165390	3	-3 dB	1	2	n/a	speech/alice/alice_233_peaky_diotic_regress.hdf5	n/a	n/a	speech/timemachine/timemachine_341_peaky_diotic_regress.hdf5	speech/wizardofoz/wizardofoz_140_peaky_diotic_regress.hdf5
1726.6299	10	speech	1	17266299	2	0 dB	1	2	n/a	n/a	n/a	n/a	speech/timemachine/timemachine_369_peaky_diotic_regress.hdf5	speech/wizardofoz/wizardofoz_098_peaky_diotic_regress.hdf5
1736.7208	10	speech	1	17367208	5	-6 dB	1	2	n/a	speech/alice/alice_007_peaky_diotic_regress.hdf5	speech/peterpan/peterpan_338_peaky_diotic_regress.hdf5	speech/pinocchio/pinocchio_244_peaky_diotic_regress.hdf5	speech/timemachine/timemachine_233_peaky_diotic_regress.hdf5	speech/wizardofoz/wizardofoz_266_peaky_diotic_regress.hdf5
1746.7904	10	speech	1	17467904	5	-6 dB	1	2	n/a	speech/alice/alice_250_peaky_diotic_regress.hdf5	speech/peterpan/peterpan_182_peaky_diotic_regress.hdf5	speech/pinocchio/pinocchio_380_peaky_diotic_regress.hdf5	speech/timemachine/timemachine_092_peaky_diotic_regress.hdf5	speech/wizardofoz/wizardofoz_172_peaky_diotic_regress.hdf5
1756.8813	10	speech	1	17568813	3	-3 dB	1	2	n/a	speech/alice/alice_139_peaky_diotic_regress.hdf5	n/a	speech/pinocchio/pinocchio_075_peaky_diotic_regress.hdf5	n/a	speech/wizardofoz/wizardofoz_359_peaky_diotic_regress.hdf5
1766.9509	10	speech	1	17669509	1	clean	1	2	n/a	n/a	n/a	n/a	speech/timemachine/timemachine_301_peaky_diotic_regress.hdf5	n/a
1777.0205	10	speech	1	17770205	2	0 dB	1	2	n/a	speech/alice/alice_322_peaky_diotic_regress.hdf5	speech/peterpan/peterpan_065_peaky_diotic_regress.hdf5	n/a	n/a	n/a
1787.1114	10	speech	1	17871114	1	clean	1	2	n/a	n/a	n/a	n/a	n/a	speech/wizardofoz/wizardofoz_207_peaky_diotic_regress.hdf5
1797.181	10	speech	1	17971810	2	0 dB	1	2	n/a	n/a	speech/peterpan/peterpan_225_peaky_diotic_regress.hdf5	speech/pinocchio/pinocchio_076_peaky_diotic_regress.hdf5	n/a	n/a
1807.2719	10	speech	1	18072719	5	-6 dB	1	2	n/a	speech/alice/alice_029_peaky_diotic_regress.hdf5	speech/peterpan/peterpan_087_peaky_diotic_regress.hdf5	speech/pinocchio/pinocchio_063_peaky_diotic_regress.hdf5	speech/timemachine/timemachine_344_peaky_diotic_regress.hdf5	speech/wizardofoz/wizardofoz_202_peaky_diotic_regress.hdf5
1817.3415	10	speech	1	18173415	3	-3 dB	1	2	n/a	speech/alice/alice_109_peaky_diotic_regress.hdf5	speech/peterpan/peterpan_130_peaky_diotic_regress.hdf5	n/a	speech/timemachine/timemachine_281_peaky_diotic_regress.hdf5	n/a
1827.4324	10	speech	1	18274324	1	clean	1	2	n/a	speech/alice/alice_259_peaky_diotic_regress.hdf5	n/a	n/a	n/a	n/a
1837.502	10	speech	1	18375020	5	-6 dB	1	2	n/a	speech/alice/alice_010_peaky_diotic_regress.hdf5	speech/peterpan/peterpan_156_peaky_diotic_regress.hdf5	speech/pinocchio/pinocchio_357_peaky_diotic_regress.hdf5	speech/timemachine/timemachine_040_peaky_diotic_regress.hdf5	speech/wizardofoz/wizardofoz_057_peaky_diotic_regress.hdf5
1847.5929	10	speech	1	18475929	3	-3 dB	1	2	n/a	speech/alice/alice_336_peaky_diotic_regress.hdf5	speech/peterpan/peterpan_206_peaky_diotic_regress.hdf5	n/a	speech/timemachine/timemachine_167_peaky_diotic_regress.hdf5	n/a
1857.6625	10	speech	1	18576625	2	0 dB	1	2	n/a	speech/alice/alice_223_peaky_diotic_regress.hdf5	n/a	speech/pinocchio/pinocchio_139_peaky_diotic_regress.hdf5	n/a	n/a
1867.7535	10	speech	1	18677535	3	-3 dB	1	2	n/a	speech/alice/alice_376_peaky_diotic_regress.hdf5	speech/peterpan/peterpan_029_peaky_diotic_regress.hdf5	n/a	n/a	speech/wizardofoz/wizardofoz_115_peaky_diotic_regress.hdf5
1877.823	10	speech	1	18778230	1	clean	1	2	n/a	n/a	n/a	n/a	n/a	speech/wizardofoz/wizardofoz_169_peaky_diotic_regress.hdf5
1887.978	10	speech	1	18879780	2	0 dB	1	2	n/a	n/a	speech/peterpan/peterpan_370_peaky_diotic_regress.hdf5	n/a	speech/timemachine/timemachine_127_peaky_diotic_regress.hdf5	n/a
1898.0475	10	speech	1	18980475	5	-6 dB	1	2	n/a	speech/alice/alice_016_peaky_diotic_regress.hdf5	speech/peterpan/peterpan_388_peaky_diotic_regress.hdf5	speech/pinocchio/pinocchio_300_peaky_diotic_regress.hdf5	speech/timemachine/timemachine_078_peaky_diotic_regress.hdf5	speech/wizardofoz/wizardofoz_334_peaky_diotic_regress.hdf5
1908.1385	10	speech	1	19081385	1	clean	1	2	n/a	n/a	speech/peterpan/peterpan_125_peaky_diotic_regress.hdf5	n/a	n/a	n/a
1918.2294	10	speech	1	19182294	2	0 dB	1	2	n/a	n/a	n/a	speech/pinocchio/pinocchio_339_peaky_diotic_regress.hdf5	speech/timemachine/timemachine_311_peaky_diotic_regress.hdf5	n/a
1928.299	10	speech	1	19282990	5	-6 dB	1	2	n/a	speech/alice/alice_072_peaky_diotic_regress.hdf5	speech/peterpan/peterpan_159_peaky_diotic_regress.hdf5	speech/pinocchio/pinocchio_377_peaky_diotic_regress.hdf5	speech/timemachine/timemachine_161_peaky_diotic_regress.hdf5	speech/wizardofoz/wizardofoz_206_peaky_diotic_regress.hdf5
1938.3899	10	speech	1	19383899	3	-3 dB	1	2	n/a	n/a	speech/peterpan/peterpan_302_peaky_diotic_regress.hdf5	speech/pinocchio/pinocchio_197_peaky_diotic_regress.hdf5	n/a	speech/wizardofoz/wizardofoz_035_peaky_diotic_regress.hdf5
1948.4595	10	speech	1	19484595	1	clean	1	2	n/a	n/a	n/a	n/a	n/a	speech/wizardofoz/wizardofoz_116_peaky_diotic_regress.hdf5
1958.5291	10	speech	1	19585291	3	-3 dB	1	2	n/a	n/a	n/a	speech/pinocchio/pinocchio_172_peaky_diotic_regress.hdf5	speech/timemachine/timemachine_166_peaky_diotic_regress.hdf5	speech/wizardofoz/wizardofoz_084_peaky_diotic_regress.hdf5
1968.7266	10	speech	1	19687266	5	-6 dB	1	2	n/a	speech/alice/alice_182_peaky_diotic_regress.hdf5	speech/peterpan/peterpan_041_peaky_diotic_regress.hdf5	speech/pinocchio/pinocchio_037_peaky_diotic_regress.hdf5	speech/timemachine/timemachine_159_peaky_diotic_regress.hdf5	speech/wizardofoz/wizardofoz_242_peaky_diotic_regress.hdf5
1978.7962	10	speech	1	19787962	2	0 dB	1	2	n/a	n/a	n/a	n/a	speech/timemachine/timemachine_227_peaky_diotic_regress.hdf5	speech/wizardofoz/wizardofoz_357_peaky_diotic_regress.hdf5
1988.8658	10	speech	1	19888658	1	clean	1	2	n/a	n/a	speech/peterpan/peterpan_337_peaky_diotic_regress.hdf5	n/a	n/a	n/a
1998.9567	10	speech	1	19989567	2	0 dB	1	2	n/a	n/a	n/a	speech/pinocchio/pinocchio_368_peaky_diotic_regress.hdf5	n/a	speech/wizardofoz/wizardofoz_222_peaky_diotic_regress.hdf5
2009.0477	10	speech	1	20090477	5	-6 dB	1	2	n/a	speech/alice/alice_013_peaky_diotic_regress.hdf5	speech/peterpan/peterpan_210_peaky_diotic_regress.hdf5	speech/pinocchio/pinocchio_158_peaky_diotic_regress.hdf5	speech/timemachine/timemachine_234_peaky_diotic_regress.hdf5	speech/wizardofoz/wizardofoz_006_peaky_diotic_regress.hdf5
2019.1172	10	speech	1	20191172	3	-3 dB	1	2	n/a	speech/alice/alice_014_peaky_diotic_regress.hdf5	speech/peterpan/peterpan_273_peaky_diotic_regress.hdf5	speech/pinocchio/pinocchio_093_peaky_diotic_regress.hdf5	n/a	n/a
2029.1868	10	speech	1	20291868	1	clean	1	2	n/a	n/a	n/a	speech/pinocchio/pinocchio_100_peaky_diotic_regress.hdf5	n/a	n/a
2039.2778	10	speech	1	20392778	2	0 dB	1	2	n/a	speech/alice/alice_104_peaky_diotic_regress.hdf5	speech/peterpan/peterpan_383_peaky_diotic_regress.hdf5	n/a	n/a	n/a
2049.3473	10	speech	1	20493473	3	-3 dB	1	2	n/a	n/a	speech/peterpan/peterpan_176_peaky_diotic_regress.hdf5	speech/pinocchio/pinocchio_266_peaky_diotic_regress.hdf5	n/a	speech/wizardofoz/wizardofoz_168_peaky_diotic_regress.hdf5
2059.4383	10	speech	1	20594383	5	-6 dB	1	2	n/a	speech/alice/alice_137_peaky_diotic_regress.hdf5	speech/peterpan/peterpan_149_peaky_diotic_regress.hdf5	speech/pinocchio/pinocchio_333_peaky_diotic_regress.hdf5	speech/timemachine/timemachine_336_peaky_diotic_regress.hdf5	speech/wizardofoz/wizardofoz_061_peaky_diotic_regress.hdf5
2069.5078	10	speech	1	20695078	2	0 dB	1	2	n/a	speech/alice/alice_005_peaky_diotic_regress.hdf5	n/a	n/a	n/a	speech/wizardofoz/wizardofoz_191_peaky_diotic_regress.hdf5
2079.5774	10	speech	1	20795774	3	-3 dB	1	2	n/a	n/a	speech/peterpan/peterpan_064_peaky_diotic_regress.hdf5	speech/pinocchio/pinocchio_021_peaky_diotic_regress.hdf5	speech/timemachine/timemachine_348_peaky_diotic_regress.hdf5	n/a
2089.6683	10	speech	1	20896683	1	clean	1	2	n/a	n/a	speech/peterpan/peterpan_238_peaky_diotic_regress.hdf5	n/a	n/a	n/a
2099.7379	10	speech	1	20997379	5	-6 dB	1	2	n/a	speech/alice/alice_248_peaky_diotic_regress.hdf5	speech/peterpan/peterpan_364_peaky_diotic_regress.hdf5	speech/pinocchio/pinocchio_360_peaky_diotic_regress.hdf5	speech/timemachine/timemachine_033_peaky_diotic_regress.hdf5	speech/wizardofoz/wizardofoz_107_peaky_diotic_regress.hdf5
2109.8289	10	speech	1	21098289	5	-6 dB	1	2	n/a	speech/alice/alice_172_peaky_diotic_regress.hdf5	speech/peterpan/peterpan_075_peaky_diotic_regress.hdf5	speech/pinocchio/pinocchio_316_peaky_diotic_regress.hdf5	speech/timemachine/timemachine_132_peaky_diotic_regress.hdf5	speech/wizardofoz/wizardofoz_239_peaky_diotic_regress.hdf5
2119.9198	10	speech	1	21199198	3	-3 dB	1	2	n/a	speech/alice/alice_206_peaky_diotic_regress.hdf5	speech/peterpan/peterpan_094_peaky_diotic_regress.hdf5	n/a	n/a	speech/wizardofoz/wizardofoz_376_peaky_diotic_regress.hdf5
2130.0107	10	speech	1	21300107	2	0 dB	1	2	n/a	n/a	speech/peterpan/peterpan_347_peaky_diotic_regress.hdf5	n/a	speech/timemachine/timemachine_246_peaky_diotic_regress.hdf5	n/a
2140.0803	10	speech	1	21400803	1	clean	1	2	n/a	n/a	n/a	n/a	speech/timemachine/timemachine_275_peaky_diotic_regress.hdf5	n/a
2150.1712	10	speech	1	21501712	5	-6 dB	1	2	n/a	speech/alice/alice_142_peaky_diotic_regress.hdf5	speech/peterpan/peterpan_230_peaky_diotic_regress.hdf5	speech/pinocchio/pinocchio_275_peaky_diotic_regress.hdf5	speech/timemachine/timemachine_052_peaky_diotic_regress.hdf5	speech/wizardofoz/wizardofoz_131_peaky_diotic_regress.hdf5
2160.2621	10	speech	1	21602621	3	-3 dB	1	2	n/a	speech/alice/alice_333_peaky_diotic_regress.hdf5	speech/peterpan/peterpan_304_peaky_diotic_regress.hdf5	speech/pinocchio/pinocchio_064_peaky_diotic_regress.hdf5	n/a	n/a
2170.3317	10	speech	1	21703317	2	0 dB	1	2	n/a	n/a	speech/peterpan/peterpan_123_peaky_diotic_regress.hdf5	n/a	n/a	speech/wizardofoz/wizardofoz_047_peaky_diotic_regress.hdf5
2180.4013	10	speech	1	21804013	1	clean	1	2	n/a	n/a	speech/peterpan/peterpan_373_peaky_diotic_regress.hdf5	n/a	n/a	n/a
2190.4709	10	speech	1	21904709	2	0 dB	1	2	n/a	speech/alice/alice_026_peaky_diotic_regress.hdf5	n/a	n/a	speech/timemachine/timemachine_282_peaky_diotic_regress.hdf5	n/a
2200.5405	10	speech	1	22005405	1	clean	1	2	n/a	speech/alice/alice_279_peaky_diotic_regress.hdf5	n/a	n/a	n/a	n/a
2210.6314	10	speech	1	22106314	5	-6 dB	1	2	n/a	speech/alice/alice_113_peaky_diotic_regress.hdf5	speech/peterpan/peterpan_297_peaky_diotic_regress.hdf5	speech/pinocchio/pinocchio_148_peaky_diotic_regress.hdf5	speech/timemachine/timemachine_022_peaky_diotic_regress.hdf5	speech/wizardofoz/wizardofoz_297_peaky_diotic_regress.hdf5
2220.701	10	speech	1	22207010	3	-3 dB	1	2	n/a	n/a	speech/peterpan/peterpan_100_peaky_diotic_regress.hdf5	speech/pinocchio/pinocchio_151_peaky_diotic_regress.hdf5	n/a	speech/wizardofoz/wizardofoz_232_peaky_diotic_regress.hdf5
2230.7919	10	speech	1	22307919	1	clean	1	2	n/a	n/a	speech/peterpan/peterpan_303_peaky_diotic_regress.hdf5	n/a	n/a	n/a
2240.8615	10	speech	1	22408615	2	0 dB	1	2	n/a	n/a	n/a	speech/pinocchio/pinocchio_181_peaky_diotic_regress.hdf5	n/a	speech/wizardofoz/wizardofoz_316_peaky_diotic_regress.hdf5
2250.9524	10	speech	1	22509524	5	-6 dB	1	2	n/a	speech/alice/alice_213_peaky_diotic_regress.hdf5	speech/peterpan/peterpan_391_peaky_diotic_regress.hdf5	speech/pinocchio/pinocchio_008_peaky_diotic_regress.hdf5	speech/timemachine/timemachine_154_peaky_diotic_regress.hdf5	speech/wizardofoz/wizardofoz_152_peaky_diotic_regress.hdf5
2261.0433	10	speech	1	22610433	3	-3 dB	1	2	n/a	n/a	n/a	speech/pinocchio/pinocchio_269_peaky_diotic_regress.hdf5	speech/timemachine/timemachine_245_peaky_diotic_regress.hdf5	speech/wizardofoz/wizardofoz_046_peaky_diotic_regress.hdf5
2271.1129	10	speech	1	22711129	5	-6 dB	1	2	n/a	speech/alice/alice_154_peaky_diotic_regress.hdf5	speech/peterpan/peterpan_039_peaky_diotic_regress.hdf5	speech/pinocchio/pinocchio_125_peaky_diotic_regress.hdf5	speech/timemachine/timemachine_375_peaky_diotic_regress.hdf5	speech/wizardofoz/wizardofoz_121_peaky_diotic_regress.hdf5
2281.2038	10	speech	1	22812038	2	0 dB	1	2	n/a	n/a	speech/peterpan/peterpan_351_peaky_diotic_regress.hdf5	speech/pinocchio/pinocchio_097_peaky_diotic_regress.hdf5	n/a	n/a
2291.2734	10	speech	1	22912734	1	clean	1	2	n/a	n/a	n/a	n/a	speech/timemachine/timemachine_148_peaky_diotic_regress.hdf5	n/a
2301.343	10	speech	1	23013430	3	-3 dB	1	2	n/a	speech/alice/alice_287_peaky_diotic_regress.hdf5	n/a	speech/pinocchio/pinocchio_307_peaky_diotic_regress.hdf5	n/a	speech/wizardofoz/wizardofoz_208_peaky_diotic_regress.hdf5
2311.4339	10	speech	1	23114339	2	0 dB	1	2	n/a	n/a	n/a	n/a	speech/timemachine/timemachine_140_peaky_diotic_regress.hdf5	speech/wizardofoz/wizardofoz_393_peaky_diotic_regress.hdf5
2321.5248	10	speech	1	23215248	5	-6 dB	1	2	n/a	speech/alice/alice_130_peaky_diotic_regress.hdf5	speech/peterpan/peterpan_244_peaky_diotic_regress.hdf5	speech/pinocchio/pinocchio_085_peaky_diotic_regress.hdf5	speech/timemachine/timemachine_046_peaky_diotic_regress.hdf5	speech/wizardofoz/wizardofoz_230_peaky_diotic_regress.hdf5
2331.5944	10	speech	1	23315944	1	clean	1	2	n/a	n/a	n/a	n/a	speech/timemachine/timemachine_337_peaky_diotic_regress.hdf5	n/a
2341.728	10	speech	1	23417280	3	-3 dB	1	2	n/a	n/a	n/a	speech/pinocchio/pinocchio_199_peaky_diotic_regress.hdf5	speech/timemachine/timemachine_123_peaky_diotic_regress.hdf5	speech/wizardofoz/wizardofoz_211_peaky_diotic_regress.hdf5
2351.7976	10	speech	1	23517976	2	0 dB	1	2	n/a	speech/alice/alice_112_peaky_diotic_regress.hdf5	n/a	n/a	speech/timemachine/timemachine_243_peaky_diotic_regress.hdf5	n/a
2361.8885	10	speech	1	23618885	3	-3 dB	1	2	n/a	speech/alice/alice_369_peaky_diotic_regress.hdf5	speech/peterpan/peterpan_279_peaky_diotic_regress.hdf5	n/a	speech/timemachine/timemachine_175_peaky_diotic_regress.hdf5	n/a
2371.9581	10	speech	1	23719581	1	clean	1	2	n/a	n/a	speech/peterpan/peterpan_153_peaky_diotic_regress.hdf5	n/a	n/a	n/a
2382.0703	10	speech	1	23820703	5	-6 dB	1	2	n/a	speech/alice/alice_075_peaky_diotic_regress.hdf5	speech/peterpan/peterpan_006_peaky_diotic_regress.hdf5	speech/pinocchio/pinocchio_252_peaky_diotic_regress.hdf5	speech/timemachine/timemachine_291_peaky_diotic_regress.hdf5	speech/wizardofoz/wizardofoz_368_peaky_diotic_regress.hdf5
2409.1004	10	speech	1	24091004	3	-3 dB	1	2	n/a	speech/alice/alice_085_peaky_diotic_regress.hdf5	n/a	speech/pinocchio/pinocchio_293_peaky_diotic_regress.hdf5	n/a	speech/wizardofoz/wizardofoz_328_peaky_diotic_regress.hdf5
2419.1913	10	speech	1	24191913	5	-6 dB	1	2	n/a	speech/alice/alice_332_peaky_diotic_regress.hdf5	speech/peterpan/peterpan_068_peaky_diotic_regress.hdf5	speech/pinocchio/pinocchio_115_peaky_diotic_regress.hdf5	speech/timemachine/timemachine_032_peaky_diotic_regress.hdf5	speech/wizardofoz/wizardofoz_033_peaky_diotic_regress.hdf5
2429.2609	10	speech	1	24292609	1	clean	1	2	n/a	n/a	n/a	speech/pinocchio/pinocchio_102_peaky_diotic_regress.hdf5	n/a	n/a
2439.3518	10	speech	1	24393518	2	0 dB	1	2	n/a	n/a	n/a	n/a	speech/timemachine/timemachine_156_peaky_diotic_regress.hdf5	speech/wizardofoz/wizardofoz_167_peaky_diotic_regress.hdf5
2449.4214	10	speech	1	24494214	3	-3 dB	1	2	n/a	speech/alice/alice_163_peaky_diotic_regress.hdf5	speech/peterpan/peterpan_226_peaky_diotic_regress.hdf5	n/a	n/a	speech/wizardofoz/wizardofoz_147_peaky_diotic_regress.hdf5
2459.5123	10	speech	1	24595123	5	-6 dB	1	2	n/a	speech/alice/alice_149_peaky_diotic_regress.hdf5	speech/peterpan/peterpan_359_peaky_diotic_regress.hdf5	speech/pinocchio/pinocchio_384_peaky_diotic_regress.hdf5	speech/timemachine/timemachine_310_peaky_diotic_regress.hdf5	speech/wizardofoz/wizardofoz_383_peaky_diotic_regress.hdf5
2469.6032	10	speech	1	24696032	2	0 dB	1	2	n/a	n/a	speech/peterpan/peterpan_122_peaky_diotic_regress.hdf5	n/a	speech/timemachine/timemachine_352_peaky_diotic_regress.hdf5	n/a
2479.6941	10	speech	1	24796941	1	clean	1	2	n/a	speech/alice/alice_086_peaky_diotic_regress.hdf5	n/a	n/a	n/a	n/a
2489.7637	10	speech	1	24897637	2	0 dB	1	2	n/a	speech/alice/alice_381_peaky_diotic_regress.hdf5	n/a	n/a	speech/timemachine/timemachine_338_peaky_diotic_regress.hdf5	n/a
2499.8546	10	speech	1	24998546	3	-3 dB	1	2	n/a	speech/alice/alice_031_peaky_diotic_regress.hdf5	n/a	n/a	speech/timemachine/timemachine_090_peaky_diotic_regress.hdf5	speech/wizardofoz/wizardofoz_333_peaky_diotic_regress.hdf5
2509.9242	10	speech	1	25099242	1	clean	1	2	n/a	n/a	n/a	n/a	speech/timemachine/timemachine_186_peaky_diotic_regress.hdf5	n/a
2520.0151	10	speech	1	25200151	5	-6 dB	1	2	n/a	speech/alice/alice_024_peaky_diotic_regress.hdf5	speech/peterpan/peterpan_393_peaky_diotic_regress.hdf5	speech/pinocchio/pinocchio_175_peaky_diotic_regress.hdf5	speech/timemachine/timemachine_370_peaky_diotic_regress.hdf5	speech/wizardofoz/wizardofoz_028_peaky_diotic_regress.hdf5
2530.106	10	speech	1	25301060	1	clean	1	2	n/a	n/a	n/a	speech/pinocchio/pinocchio_073_peaky_diotic_regress.hdf5	n/a	n/a
2540.1756	10	speech	1	25401756	2	0 dB	1	2	n/a	n/a	speech/peterpan/peterpan_223_peaky_diotic_regress.hdf5	n/a	n/a	speech/wizardofoz/wizardofoz_227_peaky_diotic_regress.hdf5
2550.3306	10	speech	1	25503306	5	-6 dB	1	2	n/a	speech/alice/alice_138_peaky_diotic_regress.hdf5	speech/peterpan/peterpan_330_peaky_diotic_regress.hdf5	speech/pinocchio/pinocchio_045_peaky_diotic_regress.hdf5	speech/timemachine/timemachine_279_peaky_diotic_regress.hdf5	speech/wizardofoz/wizardofoz_041_peaky_diotic_regress.hdf5
2560.4215	10	speech	1	25604215	3	-3 dB	1	2	n/a	speech/alice/alice_362_peaky_diotic_regress.hdf5	n/a	speech/pinocchio/pinocchio_391_peaky_diotic_regress.hdf5	n/a	speech/wizardofoz/wizardofoz_093_peaky_diotic_regress.hdf5
2570.4911	10	speech	1	25704911	2	0 dB	1	2	n/a	n/a	n/a	speech/pinocchio/pinocchio_119_peaky_diotic_regress.hdf5	n/a	speech/wizardofoz/wizardofoz_158_peaky_diotic_regress.hdf5
2580.5606	10	speech	1	25805606	3	-3 dB	1	2	n/a	n/a	n/a	speech/pinocchio/pinocchio_299_peaky_diotic_regress.hdf5	speech/timemachine/timemachine_225_peaky_diotic_regress.hdf5	speech/wizardofoz/wizardofoz_324_peaky_diotic_regress.hdf5
2590.6302	10	speech	1	25906302	1	clean	1	2	n/a	n/a	n/a	speech/pinocchio/pinocchio_030_peaky_diotic_regress.hdf5	n/a	n/a
2600.7212	10	speech	1	26007212	5	-6 dB	1	2	n/a	speech/alice/alice_191_peaky_diotic_regress.hdf5	speech/peterpan/peterpan_311_peaky_diotic_regress.hdf5	speech/pinocchio/pinocchio_091_peaky_diotic_regress.hdf5	speech/timemachine/timemachine_004_peaky_diotic_regress.hdf5	speech/wizardofoz/wizardofoz_309_peaky_diotic_regress.hdf5
2610.7907	10	speech	1	26107907	3	-3 dB	1	2	n/a	speech/alice/alice_375_peaky_diotic_regress.hdf5	n/a	n/a	speech/timemachine/timemachine_067_peaky_diotic_regress.hdf5	speech/wizardofoz/wizardofoz_089_peaky_diotic_regress.hdf5
2620.8603	10	speech	1	26208603	1	clean	1	2	n/a	n/a	n/a	n/a	n/a	speech/wizardofoz/wizardofoz_313_peaky_diotic_regress.hdf5
2630.9512	10	speech	1	26309512	5	-6 dB	1	2	n/a	speech/alice/alice_162_peaky_diotic_regress.hdf5	speech/peterpan/peterpan_129_peaky_diotic_regress.hdf5	speech/pinocchio/pinocchio_095_peaky_diotic_regress.hdf5	speech/timemachine/timemachine_020_peaky_diotic_regress.hdf5	speech/wizardofoz/wizardofoz_371_peaky_diotic_regress.hdf5
2641.0208	10	speech	1	26410208	2	0 dB	1	2	n/a	n/a	n/a	n/a	speech/timemachine/timemachine_047_peaky_diotic_regress.hdf5	speech/wizardofoz/wizardofoz_301_peaky_diotic_regress.hdf5
2651.1117	10	speech	1	26511117	5	-6 dB	1	2	n/a	speech/alice/alice_390_peaky_diotic_regress.hdf5	speech/peterpan/peterpan_134_peaky_diotic_regress.hdf5	speech/pinocchio/pinocchio_245_peaky_diotic_regress.hdf5	speech/timemachine/timemachine_361_peaky_diotic_regress.hdf5	speech/wizardofoz/wizardofoz_213_peaky_diotic_regress.hdf5
2661.1813	10	speech	1	26611813	3	-3 dB	1	2	n/a	n/a	speech/peterpan/peterpan_120_peaky_diotic_regress.hdf5	n/a	speech/timemachine/timemachine_265_peaky_diotic_regress.hdf5	speech/wizardofoz/wizardofoz_327_peaky_diotic_regress.hdf5
2671.2723	10	speech	1	26712723	2	0 dB	1	2	n/a	n/a	n/a	n/a	speech/timemachine/timemachine_142_peaky_diotic_regress.hdf5	speech/wizardofoz/wizardofoz_367_peaky_diotic_regress.hdf5
2681.3418	10	speech	1	26813418	1	clean	1	2	n/a	n/a	n/a	n/a	n/a	speech/wizardofoz/wizardofoz_274_peaky_diotic_regress.hdf5
2691.4328	10	speech	1	26914328	3	-3 dB	1	2	n/a	n/a	n/a	speech/pinocchio/pinocchio_027_peaky_diotic_regress.hdf5	speech/timemachine/timemachine_270_peaky_diotic_regress.hdf5	speech/wizardofoz/wizardofoz_186_peaky_diotic_regress.hdf5
2701.5237	10	speech	1	27015237	5	-6 dB	1	2	n/a	speech/alice/alice_084_peaky_diotic_regress.hdf5	speech/peterpan/peterpan_003_peaky_diotic_regress.hdf5	speech/pinocchio/pinocchio_176_peaky_diotic_regress.hdf5	speech/timemachine/timemachine_038_peaky_diotic_regress.hdf5	speech/wizardofoz/wizardofoz_111_peaky_diotic_regress.hdf5
2711.6146	10	speech	1	27116146	2	0 dB	1	2	n/a	speech/alice/alice_050_peaky_diotic_regress.hdf5	speech/peterpan/peterpan_170_peaky_diotic_regress.hdf5	n/a	n/a	n/a
2721.6842	10	speech	1	27216842	1	clean	1	2	n/a	n/a	n/a	n/a	speech/timemachine/timemachine_061_peaky_diotic_regress.hdf5	n/a
2731.7538	10	speech	1	27317538	1	clean	1	2	n/a	n/a	speech/peterpan/peterpan_233_peaky_diotic_regress.hdf5	n/a	n/a	n/a
2741.8447	10	speech	1	27418447	3	-3 dB	1	2	n/a	n/a	speech/peterpan/peterpan_069_peaky_diotic_regress.hdf5	speech/pinocchio/pinocchio_250_peaky_diotic_regress.hdf5	n/a	speech/wizardofoz/wizardofoz_043_peaky_diotic_regress.hdf5
2751.9143	10	speech	1	27519143	2	0 dB	1	2	n/a	n/a	speech/peterpan/peterpan_301_peaky_diotic_regress.hdf5	n/a	speech/timemachine/timemachine_202_peaky_diotic_regress.hdf5	n/a
2762.0052	10	speech	1	27620052	5	-6 dB	1	2	n/a	speech/alice/alice_270_peaky_diotic_regress.hdf5	speech/peterpan/peterpan_013_peaky_diotic_regress.hdf5	speech/pinocchio/pinocchio_321_peaky_diotic_regress.hdf5	speech/timemachine/timemachine_247_peaky_diotic_regress.hdf5	speech/wizardofoz/wizardofoz_243_peaky_diotic_regress.hdf5
2772.0748	10	speech	1	27720748	1	clean	1	2	n/a	n/a	speech/peterpan/peterpan_309_peaky_diotic_regress.hdf5	n/a	n/a	n/a
2782.1657	10	speech	1	27821657	5	-6 dB	1	2	n/a	speech/alice/alice_078_peaky_diotic_regress.hdf5	speech/peterpan/peterpan_171_peaky_diotic_regress.hdf5	speech/pinocchio/pinocchio_098_peaky_diotic_regress.hdf5	speech/timemachine/timemachine_307_peaky_diotic_regress.hdf5	speech/wizardofoz/wizardofoz_289_peaky_diotic_regress.hdf5
2792.2993	10	speech	1	27922993	3	-3 dB	1	2	n/a	speech/alice/alice_045_peaky_diotic_regress.hdf5	n/a	n/a	speech/timemachine/timemachine_105_peaky_diotic_regress.hdf5	speech/wizardofoz/wizardofoz_156_peaky_diotic_regress.hdf5
2802.3689	10	speech	1	28023689	2	0 dB	1	2	n/a	n/a	speech/peterpan/peterpan_286_peaky_diotic_regress.hdf5	n/a	speech/timemachine/timemachine_137_peaky_diotic_regress.hdf5	n/a
2812.4598	10	speech	1	28124598	1	clean	1	2	n/a	n/a	n/a	n/a	n/a	speech/wizardofoz/wizardofoz_195_peaky_diotic_regress.hdf5
2822.5294	10	speech	1	28225294	3	-3 dB	1	2	n/a	n/a	speech/peterpan/peterpan_014_peaky_diotic_regress.hdf5	speech/pinocchio/pinocchio_215_peaky_diotic_regress.hdf5	n/a	speech/wizardofoz/wizardofoz_321_peaky_diotic_regress.hdf5
2832.6203	10	speech	1	28326203	2	0 dB	1	2	n/a	n/a	speech/peterpan/peterpan_234_peaky_diotic_regress.hdf5	n/a	n/a	speech/wizardofoz/wizardofoz_067_peaky_diotic_regress.hdf5
2842.7112	10	speech	1	28427112	5	-6 dB	1	2	n/a	speech/alice/alice_302_peaky_diotic_regress.hdf5	speech/peterpan/peterpan_222_peaky_diotic_regress.hdf5	speech/pinocchio/pinocchio_219_peaky_diotic_regress.hdf5	speech/timemachine/timemachine_324_peaky_diotic_regress.hdf5	speech/wizardofoz/wizardofoz_179_peaky_diotic_regress.hdf5
2852.7808	10	speech	1	28527808	3	-3 dB	1	2	n/a	speech/alice/alice_341_peaky_diotic_regress.hdf5	speech/peterpan/peterpan_379_peaky_diotic_regress.hdf5	speech/pinocchio/pinocchio_007_peaky_diotic_regress.hdf5	n/a	n/a
2862.8504	10	speech	1	28628504	5	-6 dB	1	2	n/a	speech/alice/alice_314_peaky_diotic_regress.hdf5	speech/peterpan/peterpan_215_peaky_diotic_regress.hdf5	speech/pinocchio/pinocchio_186_peaky_diotic_regress.hdf5	speech/timemachine/timemachine_096_peaky_diotic_regress.hdf5	speech/wizardofoz/wizardofoz_183_peaky_diotic_regress.hdf5
2872.92	10	speech	1	28729200	1	clean	1	2	n/a	n/a	n/a	n/a	n/a	speech/wizardofoz/wizardofoz_132_peaky_diotic_regress.hdf5
2883.0109	10	speech	1	28830109	2	0 dB	1	2	n/a	speech/alice/alice_193_peaky_diotic_regress.hdf5	n/a	n/a	n/a	speech/wizardofoz/wizardofoz_077_peaky_diotic_regress.hdf5
